Iteration,IDS Time (seconds),IDS Memory (MB),BBFS Time (seconds),BBFS Memory (MB)
1,4.5299530029296875e-06,0.0,1.8596649169921875e-05,3.2e-05
2,1.6689300537109375e-06,0.0,0.06248307228088379,0.0
3,1.4543533325195312e-05,0.0,0.04609966278076172,6.4e-05
4,2.3126602172851562e-05,0.0,0.04539322853088379,0.003228
5,1.0967254638671875e-05,0.0,0.04529857635498047,0.0
6,1.0013580322265625e-05,0.0,0.045476675033569336,6.4e-05
7,9.298324584960938e-06,0.0,0.04636740684509277,0.005586
8,9.5367431640625e-06,0.0,0.04369354248046875,0.0
9,1.049041748046875e-05,0.0,0.04675745964050293,6.4e-05
10,8.344650268554688e-06,0.0,0.04151773452758789,0.005678
11,1.1444091796875e-05,0.0,0.04389691352844238,0.00024
12,1.2159347534179688e-05,0.0,0.041852712631225586,0.000192
13,1.1682510375976562e-05,0.0,0.04282569885253906,0.001499
14,1.1682510375976562e-05,0.0,0.04138922691345215,6.4e-05
15,9.059906005859375e-06,0.0,0.0391240119934082,6.4e-05
16,9.5367431640625e-06,0.0,0.03941178321838379,0.003228
17,1.0967254638671875e-05,0.0,0.04250144958496094,0.0
18,1.1205673217773438e-05,0.0,0.04027533531188965,6.4e-05
19,8.821487426757812e-06,0.0,0.043057918548583984,0.005589
20,1.2636184692382812e-05,0.0,0.04436302185058594,0.0
21,9.298324584960938e-06,0.0,0.041684627532958984,6.4e-05
22,8.58306884765625e-06,0.0,0.0417637825012207,0.005682
23,1.4543533325195312e-05,0.0,0.05112171173095703,0.00024
24,1.1920928955078125e-05,0.0,0.04573249816894531,0.0
25,1.049041748046875e-05,0.0,0.04281353950500488,6.4e-05
26,8.344650268554688e-06,0.0,0.04444599151611328,0.00592
27,1.1205673217773438e-05,0.0,0.04495429992675781,0.001106
28,1.1682510375976562e-05,0.0,0.04349064826965332,6.4e-05
29,1.0013580322265625e-05,0.0,0.04274272918701172,6.4e-05
30,9.5367431640625e-06,0.0,0.04572486877441406,0.001922
31,1.2874603271484375e-05,0.0,0.04757881164550781,6.4e-05
32,1.049041748046875e-05,0.0,0.04477500915527344,6.4e-05
33,1.1205673217773438e-05,0.0,0.04495954513549805,0.001499
34,1.2159347534179688e-05,0.0,0.0452730655670166,6.4e-05
35,7.3909759521484375e-06,0.0,0.04350423812866211,6.4e-05
36,9.059906005859375e-06,0.0,0.04603147506713867,0.00024
37,3.0517578125e-05,3.2e-05,1.239776611328125e-05,3.2e-05
38,0.000278472900390625,3.2e-05,9.679794311523438e-05,6.4e-05
39,0.001519918441772461,0.000192,0.0003020763397216797,0.001145
40,0.0005705356597900391,3.2e-05,0.0003027915954589844,6.4e-05
41,0.0008311271667480469,6.4e-05,0.0002872943878173828,9.6e-05
42,9.942054748535156e-05,3.2e-05,6.604194641113281e-05,3.2e-05
43,4.220008850097656e-05,3.2e-05,3.4332275390625e-05,3.2e-05
44,0.0003173351287841797,3.2e-05,0.00014662742614746094,6.4e-05
45,0.0001239776611328125,3.2e-05,0.00011754035949707031,3.2e-05
46,0.003117084503173828,6.4e-05,0.00054168701171875,9.6e-05
47,0.0005021095275878906,6.4e-05,0.0002372264862060547,9.6e-05
48,0.004749298095703125,6.4e-05,0.0005555152893066406,0.000128
49,0.018641233444213867,0.000128,0.0010612010955810547,9.6e-05
50,2.384185791015625e-06,0.0,0.04457259178161621,0.006969
51,0.004783153533935547,0.000937,0.0005159378051757812,0.000128
52,2.384185791015625e-06,0.0,0.04342055320739746,6.4e-05
53,0.3749425411224365,0.001266,0.0022580623626708984,0.001154
54,0.04740309715270996,0.000988,0.0016632080078125,0.000619
55,0.04685068130493164,0.000875,0.0013208389282226562,0.000706
56,0.012649059295654297,0.000128,0.0010187625885009766,0.000128
57,0.5855839252471924,0.001076,0.0016794204711914062,0.000651
58,0.06740617752075195,0.000816,0.0015578269958496094,0.000619
59,0.23679161071777344,0.001076,0.0016336441040039062,0.000706
60,0.06949496269226074,0.000926,0.0014865398406982422,0.000674
61,0.0295257568359375,0.000128,0.0011565685272216797,0.00016
62,0.012739181518554688,0.000988,0.0010192394256591797,0.000619
63,5.7220458984375e-05,3.2e-05,4.1484832763671875e-05,3.2e-05
64,0.0016951560974121094,6.4e-05,0.0003476142883300781,9.6e-05
65,0.5511622428894043,0.001014,0.0016562938690185547,0.000651
66,0.5485482215881348,0.001021,0.0017101764678955078,0.000651
67,0.001982450485229492,6.4e-05,0.0003705024719238281,9.6e-05
68,0.0010426044464111328,6.4e-05,0.00022792816162109375,9.6e-05
69,0.001024007797241211,6.4e-05,0.0002243518829345703,9.6e-05
70,0.0005257129669189453,6.4e-05,0.00019550323486328125,9.6e-05
71,1.6689300537109375e-06,0.0,0.043523311614990234,6.4e-05
72,0.0003445148468017578,3.2e-05,0.00010466575622558594,6.4e-05
73,6.9141387939453125e-06,3.2e-05,7.152557373046875e-06,3.2e-05
74,0.0007960796356201172,6.4e-05,0.00026869773864746094,9.6e-05
75,9.775161743164062e-05,3.2e-05,6.246566772460938e-05,3.2e-05
76,0.00034236907958984375,3.2e-05,0.00016450881958007812,6.4e-05
77,3.504753112792969e-05,3.2e-05,3.4809112548828125e-05,3.2e-05
78,9.632110595703125e-05,3.2e-05,6.151199340820312e-05,3.2e-05
79,0.00013017654418945312,3.2e-05,0.00011873245239257812,3.2e-05
80,3.743171691894531e-05,3.2e-05,3.528594970703125e-05,3.2e-05
81,0.002839803695678711,6.4e-05,0.0006055831909179688,9.6e-05
82,3.933906555175781e-05,3.2e-05,3.4809112548828125e-05,3.2e-05
83,0.0028574466705322266,6.4e-05,0.0006618499755859375,9.6e-05
84,0.011438131332397461,0.0093,0.001340627670288086,0.000256
85,3.337860107421875e-06,0.0,0.045616865158081055,0.001161
86,0.002909421920776367,6.4e-05,0.00044465065002441406,9.6e-05
87,1.9073486328125e-06,0.0,0.04500699043273926,6.4e-05
88,0.2475874423980713,0.001147,0.0020987987518310547,0.001154
89,0.029714345932006836,0.000128,0.001558065414428711,0.00016
90,0.030211687088012695,0.000933,0.0012996196746826172,0.000706
91,0.00789189338684082,0.000128,0.0010380744934082031,0.000128
92,0.3711864948272705,0.001186,0.0017197132110595703,0.000706
93,0.04333305358886719,0.000988,0.0014889240264892578,0.000706
94,0.14805889129638672,0.001038,0.001730203628540039,0.000651
95,0.04265785217285156,0.002854,0.0012958049774169922,0.000256
96,0.01894855499267578,0.000128,0.0011050701141357422,9.6e-05
97,0.007865667343139648,0.000128,0.0009839534759521484,0.000128
98,0.0001266002655029297,3.2e-05,6.604194641113281e-05,3.2e-05
99,0.0017442703247070312,6.4e-05,0.00039696693420410156,9.6e-05
100,0.35392141342163086,0.001124,0.0016739368438720703,0.000651
101,0.34596967697143555,0.001021,0.0016963481903076172,0.000651
102,0.00045371055603027344,3.2e-05,0.00018143653869628906,6.4e-05
103,0.00016188621520996094,3.2e-05,9.274482727050781e-05,3.2e-05
104,0.00015544891357421875,3.2e-05,8.988380432128906e-05,3.2e-05
105,0.00024819374084472656,3.2e-05,9.179115295410156e-05,6.4e-05
106,1.9073486328125e-06,0.0,0.04255867004394531,6.4e-05
107,0.0011181831359863281,6.4e-05,0.0003197193145751953,9.6e-05
108,0.0005223751068115234,6.4e-05,0.00023055076599121094,9.6e-05
109,6.198883056640625e-06,3.2e-05,5.9604644775390625e-06,3.2e-05
110,0.0019428730010986328,6.4e-05,0.00041103363037109375,9.6e-05
111,3.7670135498046875e-05,3.2e-05,3.62396240234375e-05,3.2e-05
112,0.0010280609130859375,0.000242,0.00030517578125,0.000696
113,0.0019483566284179688,6.4e-05,0.0004057884216308594,9.6e-05
114,9.942054748535156e-05,3.2e-05,6.413459777832031e-05,3.2e-05
115,0.00023436546325683594,3.2e-05,0.00014257431030273438,6.4e-05
116,0.0006008148193359375,6.4e-05,0.00024962425231933594,9.6e-05
117,0.00032973289489746094,3.2e-05,0.0001399517059326172,6.4e-05
118,0.00039649009704589844,3.2e-05,0.00020551681518554688,6.4e-05
119,0.0015456676483154297,6.4e-05,0.00038170814514160156,9.6e-05
120,1.6689300537109375e-06,0.0,0.04241371154785156,0.016395
121,0.0002033710479736328,3.2e-05,0.00010037422180175781,3.2e-05
122,2.384185791015625e-06,0.0,0.04404735565185547,0.00024
123,0.10988664627075195,0.001556,0.0021631717681884766,0.001314
124,0.01041269302368164,0.000128,0.0013127326965332031,0.000128
125,0.010137319564819336,0.000128,0.0009441375732421875,0.000128
126,0.0018575191497802734,6.4e-05,0.0004487037658691406,9.6e-05
127,0.09536933898925781,0.001067,0.0015437602996826172,0.000674
128,0.009036064147949219,0.000128,0.0009729862213134766,0.000128
129,0.03812670707702637,0.000988,0.001279592514038086,0.000706
130,0.00899505615234375,0.000128,0.0008611679077148438,0.000128
131,0.0029015541076660156,6.4e-05,0.0005648136138916016,9.6e-05
132,0.001697540283203125,6.4e-05,0.0004405975341796875,9.6e-05
133,0.0005095005035400391,6.4e-05,0.0002243518829345703,9.6e-05
134,0.00027251243591308594,3.2e-05,0.0001914501190185547,6.4e-05
135,0.09170866012573242,0.000926,0.001524209976196289,0.000674
136,0.09206295013427734,0.000933,0.0014920234680175781,0.000674
137,5.91278076171875e-05,3.2e-05,4.2438507080078125e-05,3.2e-05
138,0.00012564659118652344,3.2e-05,0.0001270771026611328,3.2e-05
139,0.0007145404815673828,6.4e-05,0.0002484321594238281,9.6e-05
140,0.0014209747314453125,6.4e-05,0.00032830238342285156,9.6e-05
141,1.430511474609375e-06,0.0,0.04528021812438965,6.4e-05
142,0.0002911090850830078,3.2e-05,0.00010776519775390625,6.4e-05
143,9.965896606445312e-05,3.2e-05,6.389617919921875e-05,3.2e-05
144,0.0015370845794677734,6.4e-05,0.000377655029296875,9.6e-05
145,7.152557373046875e-06,3.2e-05,6.198883056640625e-06,3.2e-05
146,0.0008120536804199219,6.4e-05,0.00035858154296875,9.6e-05
147,3.457069396972656e-05,3.2e-05,3.337860107421875e-05,3.2e-05
148,9.894371032714844e-05,3.2e-05,5.936622619628906e-05,3.2e-05
149,0.00042510032653808594,6.4e-05,0.00017523765563964844,9.6e-05
150,0.00021123886108398438,3.2e-05,9.059906005859375e-05,6.4e-05
151,0.004390239715576172,0.000128,0.0005650520324707031,0.000128
152,0.00021028518676757812,3.2e-05,9.226799011230469e-05,6.4e-05
153,0.00448155403137207,0.000128,0.0006871223449707031,0.000128
154,0.01762700080871582,0.002198,0.0012347698211669922,0.001042
155,3.814697265625e-06,0.0,0.04275202751159668,6.4e-05
156,0.004400968551635742,0.000128,0.0005474090576171875,0.000128
157,2.1457672119140625e-06,0.0,0.04135417938232422,6.4e-05
158,0.38523149490356445,0.001266,0.0019116401672363281,0.001218
159,0.044101715087890625,0.000878,0.0015761852264404297,0.000619
160,0.04424476623535156,0.000988,0.0013892650604248047,0.000674
161,0.011918783187866211,0.000128,0.0009775161743164062,9.6e-05
162,0.5644176006317139,0.001069,0.0015168190002441406,0.000738
163,0.06676054000854492,0.000933,0.0014064311981201172,0.000674
164,0.23673677444458008,0.001069,0.0014662742614746094,0.000706
165,0.06731557846069336,0.000926,0.0013158321380615234,0.000674
166,0.028356552124023438,0.000128,0.0012857913970947266,0.00016
167,0.011925220489501953,0.000128,0.0009524822235107422,0.003275
168,0.0001475811004638672,3.2e-05,7.224082946777344e-05,3.2e-05
169,0.002650737762451172,0.000729,0.0009365081787109375,0.000128
170,0.5569775104522705,0.001131,0.0015187263488769531,0.000738
171,0.5476722717285156,0.001014,0.001527547836303711,0.000683
172,0.000946044921875,6.4e-05,0.00030875205993652344,9.6e-05
173,0.0004601478576660156,6.4e-05,0.0001735687255859375,9.6e-05
174,0.0001246929168701172,3.2e-05,0.00011873245239257812,3.2e-05
175,3.552436828613281e-05,3.2e-05,3.4332275390625e-05,3.2e-05
176,1.430511474609375e-06,0.0,0.04827570915222168,6.4e-05
177,0.0008485317230224609,6.4e-05,0.0003235340118408203,9.6e-05
178,0.00036597251892089844,3.2e-05,0.00016808509826660156,6.4e-05
179,4.00543212890625e-05,3.2e-05,3.981590270996094e-05,3.2e-05
180,0.0014417171478271484,6.4e-05,0.0003592967987060547,9.6e-05
181,1.049041748046875e-05,3.2e-05,6.4373016357421875e-06,3.2e-05
182,0.00075531005859375,6.4e-05,0.00031566619873046875,9.6e-05
183,0.0014553070068359375,6.4e-05,0.00034356117248535156,9.6e-05
184,4.506111145019531e-05,3.2e-05,3.600120544433594e-05,3.2e-05
185,0.00012826919555664062,3.2e-05,0.00011968612670898438,3.2e-05
186,0.0004210472106933594,3.2e-05,0.00017952919006347656,6.4e-05
187,0.0005640983581542969,6.4e-05,0.000225067138671875,9.6e-05
188,0.0004324913024902344,3.2e-05,0.0001983642578125,6.4e-05
189,0.0025157928466796875,6.4e-05,0.0006103515625,9.6e-05
190,1.9073486328125e-06,0.0,0.0475926399230957,0.001161
191,0.0008046627044677734,3.2e-05,0.00021004676818847656,6.4e-05
192,5.7220458984375e-06,0.0,0.06872200965881348,6.4e-05
193,0.12074446678161621,0.001092,0.0020608901977539062,0.001122
194,0.011234760284423828,0.000128,0.0014531612396240234,0.000128
195,0.011137247085571289,0.000128,0.0011277198791503906,0.000128
196,0.0020008087158203125,6.4e-05,0.0005216598510742188,9.6e-05
197,0.11648011207580566,0.001005,0.0017642974853515625,0.000674
198,0.017827749252319336,0.000128,0.0010476112365722656,9.6e-05
199,0.04850459098815918,0.000871,0.0014355182647705078,0.000674
200,0.012330293655395508,0.000128,0.0010502338409423828,9.6e-05
201,0.004355192184448242,6.4e-05,0.0006058216094970703,0.000128
202,0.0019788742065429688,6.4e-05,0.0004832744598388672,9.6e-05
203,0.0003237724304199219,3.2e-05,0.0002009868621826172,6.4e-05
204,0.00015354156494140625,3.2e-05,0.0001671314239501953,3.2e-05
205,0.11649298667907715,0.001067,0.001523733139038086,0.000674
206,0.11421322822570801,0.000926,0.0014660358428955078,0.000674
207,0.00011992454528808594,3.2e-05,7.772445678710938e-05,3.2e-05
208,0.00023794174194335938,3.2e-05,0.00014829635620117188,6.4e-05
209,0.0011475086212158203,6.4e-05,0.00025010108947753906,9.6e-05
210,0.002251863479614258,6.4e-05,0.0003275871276855469,6.4e-05
211,2.6226043701171875e-06,0.0,0.04235529899597168,6.4e-05
212,0.00020956993103027344,3.2e-05,0.00010561943054199219,3.2e-05
213,3.933906555175781e-05,3.2e-05,3.6716461181640625e-05,3.2e-05
214,0.0012345314025878906,6.4e-05,0.00028133392333984375,9.6e-05
215,3.981590270996094e-05,3.2e-05,3.6716461181640625e-05,3.2e-05
216,0.0006053447723388672,6.4e-05,0.0002770423889160156,9.6e-05
217,6.198883056640625e-06,3.2e-05,5.4836273193359375e-06,3.2e-05
218,3.933906555175781e-05,3.2e-05,3.552436828613281e-05,3.2e-05
219,0.00026345252990722656,3.2e-05,0.00015497207641601562,6.4e-05
220,9.894371032714844e-05,3.2e-05,6.4849853515625e-05,3.2e-05
221,0.003752470016479492,6.4e-05,0.0005674362182617188,0.000128
222,0.00010037422180175781,3.2e-05,6.461143493652344e-05,3.2e-05
223,0.003781557083129883,6.4e-05,0.0007071495056152344,0.000128
224,0.014452457427978516,0.002205,0.002032756805419922,0.000731
225,4.0531158447265625e-06,0.0,0.05425763130187988,6.4e-05
226,0.003873109817504883,6.4e-05,0.0004982948303222656,0.000128
227,2.384185791015625e-06,0.0,0.04455733299255371,0.00584
228,0.3223385810852051,0.001052,0.002098560333251953,0.001154
229,0.03742861747741699,0.000988,0.0014791488647460938,0.000674
230,0.03648543357849121,0.000128,0.0012197494506835938,0.00016
231,0.009747743606567383,0.000988,0.0010406970977783203,0.000128
232,0.45072126388549805,0.001045,0.0015206336975097656,0.000706
233,0.05395364761352539,0.00093,0.001398324966430664,0.000619
234,0.19158101081848145,0.000935,0.0014445781707763672,0.000706
235,0.05370354652404785,0.000933,0.0013000965118408203,0.000674
236,0.02247929573059082,0.000128,0.0010993480682373047,0.00016
237,0.009685993194580078,0.000128,0.0009660720825195312,0.000128
238,4.2438507080078125e-05,3.2e-05,3.910064697265625e-05,3.2e-05
239,0.002211332321166992,6.4e-05,0.00048422813415527344,9.6e-05
240,0.4640922546386719,0.001124,0.0016336441040039062,0.000706
241,0.4594597816467285,0.001186,0.001664876937866211,0.000706
242,0.0009591579437255859,6.4e-05,0.00032639503479003906,9.6e-05
243,0.0003056526184082031,3.2e-05,0.00011658668518066406,6.4e-05
244,0.0003037452697753906,3.2e-05,9.250640869140625e-05,6.4e-05
245,0.0001266002655029297,3.2e-05,9.107589721679688e-05,3.2e-05
246,1.430511474609375e-06,0.0,0.048215627670288086,6.4e-05
247,8.535385131835938e-05,3.2e-05,6.818771362304688e-05,3.2e-05
248,0.00017023086547851562,3.2e-05,9.72747802734375e-05,3.2e-05
249,0.002026081085205078,6.4e-05,0.00042247772216796875,9.6e-05
250,0.00012969970703125,3.2e-05,0.00010156631469726562,3.2e-05
251,0.0011851787567138672,6.4e-05,0.0003561973571777344,9.6e-05
252,3.647804260253906e-05,3.2e-05,3.409385681152344e-05,3.2e-05
253,6.9141387939453125e-06,3.2e-05,9.298324584960938e-06,3.2e-05
254,0.0005540847778320312,6.4e-05,0.0001761913299560547,9.6e-05
255,0.00020885467529296875,3.2e-05,0.00012040138244628906,6.4e-05
256,0.0041179656982421875,6.4e-05,0.0005855560302734375,0.000128
257,0.0003097057342529297,3.2e-05,0.00011754035949707031,6.4e-05
258,0.006324052810668945,0.000128,0.0006623268127441406,0.000128
259,0.02564382553100586,0.000849,0.001146554946899414,0.00016
260,4.0531158447265625e-06,0.0,0.04923701286315918,0.000128
261,0.00634312629699707,0.003031,0.0006201267242431641,0.000128
262,2.86102294921875e-06,0.0,0.04749345779418945,0.0
263,0.48601222038269043,0.001156,0.0020494461059570312,0.001218
264,0.06011223793029785,0.000875,0.0015134811401367188,0.000674
265,0.06016707420349121,0.001045,0.0012860298156738281,0.000674
266,0.016253232955932617,0.000128,0.0011334419250488281,9.6e-05
267,0.7213311195373535,0.001186,0.0015091896057128906,0.000738
268,0.08679962158203125,0.000988,0.0014965534210205078,0.000674
269,0.30673861503601074,0.001069,0.001458883285522461,0.000706
270,0.0881807804107666,0.000816,0.0014133453369140625,0.000674
271,0.0366055965423584,0.000128,0.0011532306671142578,0.00016
272,0.015636205673217773,0.000988,0.0011570453643798828,0.000587
273,0.00024247169494628906,3.2e-05,0.00021004676818847656,3.2e-05
274,0.004747629165649414,6.4e-05,0.0009615421295166016,9.6e-05
275,0.7309243679046631,0.001131,0.0015211105346679688,0.000907
276,0.7184338569641113,0.001021,0.0015251636505126953,0.000683
277,0.0013706684112548828,6.4e-05,0.0003094673156738281,9.6e-05
278,0.0006620883941650391,0.000153,0.0002067089080810547,9.6e-05
279,0.0006663799285888672,6.4e-05,0.00019884109497070312,9.6e-05
280,0.0003228187561035156,3.2e-05,0.00011277198791503906,6.4e-05
281,2.1457672119140625e-06,0.0,0.04915595054626465,6.4e-05
282,0.00041937828063964844,3.2e-05,0.00015878677368164062,6.4e-05
283,0.00012874603271484375,3.2e-05,0.00012350082397460938,3.2e-05
284,9.751319885253906e-05,3.2e-05,6.794929504394531e-05,3.2e-05
285,0.0007460117340087891,6.4e-05,0.00020575523376464844,9.6e-05
286,4.124641418457031e-05,3.2e-05,3.552436828613281e-05,3.2e-05
287,0.0003192424774169922,3.2e-05,0.000125885009765625,6.4e-05
288,0.0007369518280029297,6.4e-05,0.00020074844360351562,9.6e-05
289,6.4373016357421875e-06,3.2e-05,5.4836273193359375e-06,3.2e-05
290,3.695487976074219e-05,3.2e-05,3.552436828613281e-05,3.2e-05
291,0.0006308555603027344,6.4e-05,0.00028443336486816406,9.6e-05
292,0.0003223419189453125,3.2e-05,0.00012183189392089844,6.4e-05
293,0.0006527900695800781,6.4e-05,0.0002868175506591797,9.6e-05
294,0.004155158996582031,6.4e-05,0.0007891654968261719,0.000128
295,1.6689300537109375e-06,0.0,0.04473471641540527,0.001463
296,0.001245260238647461,0.000192,0.0004477500915527344,9.6e-05
297,7.3909759521484375e-06,0.0,0.06327319145202637,0.0
298,0.11333537101745605,0.002372,0.0019009113311767578,0.001266
299,0.013635873794555664,0.000128,0.0021276473999023438,0.000128
300,0.013303756713867188,0.000128,0.0011243820190429688,9.6e-05
301,0.002689361572265625,6.4e-05,0.0006873607635498047,0.000128
302,0.1546330451965332,0.001122,0.0015451908111572266,0.000706
303,0.01819467544555664,0.000128,0.0013546943664550781,9.6e-05
304,0.0638880729675293,0.000926,0.0017948150634765625,0.000674
305,0.019047260284423828,0.000128,0.001107931137084961,9.6e-05
306,0.007384777069091797,0.000128,0.0010433197021484375,0.000128
307,0.0027039051055908203,6.4e-05,0.0006341934204101562,9.6e-05
308,0.000133514404296875,3.2e-05,0.00013065338134765625,3.2e-05
309,0.00026535987854003906,3.2e-05,0.00017261505126953125,6.4e-05
310,0.15069961547851562,0.00095,0.0015630722045898438,0.000706
311,0.1468982696533203,0.001045,0.0016796588897705078,0.000706
312,0.00027370452880859375,3.2e-05,9.894371032714844e-05,6.4e-05
313,0.000560760498046875,6.4e-05,0.00020360946655273438,9.6e-05
314,0.0007731914520263672,6.4e-05,0.00019669532775878906,9.6e-05
315,0.0016126632690429688,6.4e-05,0.0003101825714111328,9.6e-05
316,2.1457672119140625e-06,0.0,0.04526686668395996,6.4e-05
317,0.00021386146545410156,3.2e-05,0.0001697540283203125,3.2e-05
318,3.8623809814453125e-05,3.2e-05,4.673004150390625e-05,3.2e-05
319,0.0003254413604736328,3.2e-05,0.00013113021850585938,6.4e-05
320,0.00023889541625976562,3.2e-05,0.00011324882507324219,6.4e-05
321,0.00012254714965820312,3.2e-05,0.00011944770812988281,3.2e-05
322,9.393692016601562e-05,3.2e-05,6.318092346191406e-05,3.2e-05
323,0.00023436546325683594,3.2e-05,0.00014209747314453125,6.4e-05
324,3.504753112792969e-05,3.2e-05,3.314018249511719e-05,3.2e-05
325,4.76837158203125e-06,3.2e-05,5.7220458984375e-06,3.2e-05
326,0.0016837120056152344,6.4e-05,0.00038170814514160156,9.6e-05
327,9.918212890625e-05,3.2e-05,7.724761962890625e-05,3.2e-05
328,0.0016963481903076172,6.4e-05,0.000484466552734375,9.6e-05
329,0.008209228515625,0.000128,0.001196146011352539,0.000128
330,3.0994415283203125e-06,0.0,0.04792451858520508,0.001463
331,0.0017364025115966797,0.000192,0.000362396240234375,0.000224
332,2.86102294921875e-06,0.0,0.047211408615112305,0.00024
333,0.16051650047302246,0.001373,0.0019605159759521484,0.001154
334,0.020431041717529297,0.000128,0.0014374256134033203,9.6e-05
335,0.02034616470336914,0.003972,0.0012173652648925781,0.001119
336,0.0056154727935791016,0.000665,0.0008726119995117188,0.000128
337,0.21696925163269043,0.001186,0.0015914440155029297,0.000706
338,0.027130603790283203,0.000128,0.0013780593872070312,0.00016
339,0.0926668643951416,0.001012,0.0015087127685546875,0.000738
340,0.028415203094482422,0.000128,0.001363515853881836,0.00016
341,0.012069940567016602,0.000933,0.001085519790649414,9.6e-05
342,0.009955644607543945,6.4e-05,0.0009806156158447266,0.000128
343,4.982948303222656e-05,3.2e-05,4.1484832763671875e-05,3.2e-05
344,0.0007996559143066406,6.4e-05,0.0003075599670410156,9.6e-05
345,0.22101807594299316,0.001131,0.0015709400177001953,0.000706
346,0.21348071098327637,0.001076,0.0015683174133300781,0.000706
347,0.0006856918334960938,6.4e-05,0.00020241737365722656,9.6e-05
348,0.00027441978454589844,3.2e-05,9.417533874511719e-05,6.4e-05
349,0.0002682209014892578,3.2e-05,9.1552734375e-05,6.4e-05
350,0.0005512237548828125,6.4e-05,0.0001919269561767578,9.6e-05
351,1.6689300537109375e-06,0.0,0.042498111724853516,6.4e-05
352,0.0025484561920166016,6.4e-05,0.0005605220794677734,9.6e-05
353,0.0024611949920654297,6.4e-05,0.0005519390106201172,9.6e-05
354,0.0005125999450683594,6.4e-05,0.0002307891845703125,9.6e-05
355,0.007850408554077148,0.000128,0.0005595684051513672,0.000128
356,0.0003139972686767578,3.2e-05,0.00019860267639160156,6.4e-05
357,0.004477977752685547,6.4e-05,0.0005366802215576172,0.000128
358,0.004589080810546875,0.00202,0.0005617141723632812,0.000128
359,0.0006434917449951172,0.000714,0.00041747093200683594,9.6e-05
360,0.00180816650390625,6.4e-05,0.0006155967712402344,9.6e-05
361,1.7404556274414062e-05,3.2e-05,1.1444091796875e-05,3.2e-05
362,0.00673985481262207,6.4e-05,0.0010800361633300781,0.000128
363,7.891654968261719e-05,3.2e-05,6.198883056640625e-05,3.2e-05
364,0.0068950653076171875,6.4e-05,0.0008771419525146484,0.000128
365,3.814697265625e-06,0.0,0.046512603759765625,0.0
366,0.0006003379821777344,6.4e-05,0.00023484230041503906,9.6e-05
367,1.6689300537109375e-06,0.0,0.044470787048339844,0.001367
368,0.03164172172546387,0.000128,0.0012695789337158203,0.00016
369,0.0019273757934570312,6.4e-05,0.00046515464782714844,6.4e-05
370,0.001745462417602539,6.4e-05,0.00037932395935058594,9.6e-05
371,0.00021529197692871094,3.2e-05,0.0001723766326904297,6.4e-05
372,0.207489013671875,0.001067,0.0016872882843017578,0.000834
373,0.020316600799560547,0.000128,0.001251220703125,9.6e-05
374,0.08693981170654297,0.001052,0.0014820098876953125,0.000674
375,0.020407438278198242,0.000128,0.0010852813720703125,9.6e-05
376,0.007025480270385742,0.000128,0.0008380413055419922,0.000128
377,0.00021147727966308594,3.2e-05,0.00014853477478027344,6.4e-05
378,0.002467632293701172,6.4e-05,0.0005373954772949219,9.6e-05
379,3.62396240234375e-05,3.2e-05,3.504753112792969e-05,3.2e-05
380,0.21188712120056152,0.001122,0.001684427261352539,0.000834
381,0.2073500156402588,0.000988,0.0017249584197998047,0.00081
382,0.0010809898376464844,6.4e-05,0.0002586841583251953,9.6e-05
383,0.002140522003173828,6.4e-05,0.0004940032958984375,9.6e-05
384,0.006862163543701172,0.000128,0.0006616115570068359,0.000128
385,0.011836051940917969,0.000128,0.0006952285766601562,9.6e-05
386,2.6226043701171875e-06,0.0,0.0457310676574707,0.006455
387,0.0005970001220703125,6.4e-05,0.0002334117889404297,9.6e-05
388,3.910064697265625e-05,3.2e-05,3.719329833984375e-05,3.2e-05
389,0.0003247261047363281,0.000777,0.00015282630920410156,6.4e-05
390,0.0002467632293701172,3.2e-05,9.012222290039062e-05,6.4e-05
391,0.0005922317504882812,6.4e-05,0.00025200843811035156,9.6e-05
392,9.632110595703125e-05,3.2e-05,6.413459777832031e-05,3.2e-05
393,0.00023174285888671875,3.2e-05,0.00015878677368164062,6.4e-05
394,0.0002617835998535156,3.2e-05,0.0001461505889892578,6.4e-05
395,9.465217590332031e-05,3.2e-05,6.198883056640625e-05,3.2e-05
396,0.003584623336791992,6.4e-05,0.0005970001220703125,0.000128
397,6.67572021484375e-06,3.2e-05,6.198883056640625e-06,3.2e-05
398,0.0025773048400878906,6.4e-05,0.0006299018859863281,9.6e-05
399,0.007228374481201172,0.000128,0.0008416175842285156,0.000128
400,1.9073486328125e-06,0.0,0.04264330863952637,6.4e-05
401,0.001444101333618164,6.4e-05,0.00034928321838378906,9.6e-05
402,2.1457672119140625e-06,0.0,0.04173469543457031,0.00024
403,0.2496323585510254,0.001107,0.002074003219604492,0.001346
404,0.02955007553100586,0.000128,0.0014581680297851562,0.00016
405,0.030802011489868164,0.000933,0.001294851303100586,0.000706
406,0.007559776306152344,0.000128,0.0009329319000244141,0.000128
407,0.23450899124145508,0.001131,0.0015583038330078125,0.000706
408,0.02870774269104004,0.000128,0.0013229846954345703,0.00016
409,0.10163474082946777,0.001122,0.0015430450439453125,0.000738
410,0.02998495101928711,0.000128,0.001201629638671875,0.00016
411,0.012079715728759766,0.00316,0.0010287761688232422,0.000128
412,0.007911443710327148,0.000729,0.0009067058563232422,0.000128
413,0.0002589225769042969,3.2e-05,0.00014829635620117188,6.4e-05
414,0.0022039413452148438,6.4e-05,0.0005168914794921875,9.6e-05
415,0.23660778999328613,0.001186,0.001538991928100586,0.000706
416,0.23470234870910645,0.001131,0.0016121864318847656,0.000706
417,0.0001430511474609375,3.2e-05,0.00012040138244628906,3.2e-05
418,3.886222839355469e-05,3.2e-05,3.5762786865234375e-05,3.2e-05
419,3.6716461181640625e-05,3.2e-05,3.504753112792969e-05,3.2e-05
420,0.00014781951904296875,3.2e-05,0.00013875961303710938,3.2e-05
421,1.9073486328125e-06,0.0,0.04651594161987305,6.4e-05
422,0.004083871841430664,6.4e-05,0.000576019287109375,0.000128
423,0.0035669803619384766,6.4e-05,0.0006895065307617188,9.6e-05
424,0.0003788471221923828,3.2e-05,0.00020003318786621094,6.4e-05
425,0.01073908805847168,0.000128,0.0008094310760498047,0.000128
426,0.0011391639709472656,3.2e-05,0.0002243518829345703,6.4e-05
427,0.006549835205078125,0.001408,0.0008244514465332031,0.000128
428,0.007066011428833008,0.000128,0.0006794929504394531,0.000128
429,0.0009152889251708984,6.4e-05,0.0003178119659423828,9.6e-05
430,0.0018525123596191406,6.4e-05,0.0004401206970214844,9.6e-05
431,3.886222839355469e-05,3.2e-05,5.0067901611328125e-05,3.2e-05
432,0.0031447410583496094,6.4e-05,0.0006532669067382812,9.6e-05
433,6.4373016357421875e-06,3.2e-05,6.4373016357421875e-06,3.2e-05
434,0.003209829330444336,6.4e-05,0.0007061958312988281,9.6e-05
435,1.6689300537109375e-06,0.0,0.04277849197387695,0.010389
436,0.0004775524139404297,3.2e-05,0.00019073486328125,6.4e-05
437,2.1457672119140625e-06,0.0,0.04495549201965332,0.0
438,0.02480483055114746,0.000128,0.00125885009765625,9.6e-05
439,0.0015475749969482422,6.4e-05,0.00045800209045410156,9.6e-05
440,0.0013642311096191406,0.00497,0.0003063678741455078,9.6e-05
441,0.00013637542724609375,3.2e-05,0.00012159347534179688,3.2e-05
442,0.16880011558532715,0.000875,0.0016384124755859375,0.000802
443,0.01670241355895996,0.000128,0.0011286735534667969,9.6e-05
444,0.07175588607788086,0.00093,0.00146484375,0.000674
445,0.016932964324951172,0.000128,0.0010647773742675781,9.6e-05
446,0.00572514533996582,6.4e-05,0.0007054805755615234,0.000128
447,0.00012731552124023438,3.2e-05,0.000118255615234375,3.2e-05
448,0.003410816192626953,6.4e-05,0.0006685256958007812,9.6e-05
449,9.775161743164062e-05,3.2e-05,6.461143493652344e-05,3.2e-05
450,0.168931245803833,0.001009,0.001631021499633789,0.000747
451,0.16664648056030273,0.000988,0.0016820430755615234,0.000802
452,0.0008683204650878906,6.4e-05,0.00026869773864746094,9.6e-05
453,0.0016524791717529297,6.4e-05,0.0003857612609863281,9.6e-05
454,0.005631923675537109,6.4e-05,0.0006537437438964844,0.000128
455,0.009833335876464844,0.000128,0.0006480216979980469,0.000128
456,1.9073486328125e-06,0.0,0.042822837829589844,6.4e-05
457,0.02995610237121582,0.000849,0.001056671142578125,9.6e-05
458,0.016951799392700195,0.000128,0.0010135173797607422,9.6e-05
459,0.0014791488647460938,6.4e-05,0.0016322135925292969,9.6e-05
460,0.04755544662475586,0.002795,0.0010387897491455078,0.000128
461,0.0030689239501953125,0.000192,0.0006420612335205078,0.000642
462,0.028304576873779297,0.000128,0.0010366439819335938,9.6e-05
463,0.04601097106933594,0.000933,0.0011372566223144531,0.000128
464,0.005380868911743164,6.4e-05,0.0007088184356689453,0.000128
465,0.009625673294067383,0.000128,0.00102996826171875,0.000128
466,0.005405426025390625,6.4e-05,0.0006928443908691406,0.000128
467,0.009716510772705078,0.000128,0.0008840560913085938,0.000128
468,0.0028891563415527344,6.4e-05,0.0007181167602539062,9.6e-05
469,6.9141387939453125e-06,3.2e-05,5.9604644775390625e-06,3.2e-05
470,1.1920928955078125e-06,0.0,0.04331374168395996,3.6e-05
471,0.0004115104675292969,3.2e-05,0.00015926361083984375,6.4e-05
472,1.9073486328125e-06,0.0,0.04231691360473633,0.00024
473,0.45487284660339355,0.001163,0.0023469924926757812,0.001858
474,0.04758119583129883,0.000875,0.0017652511596679688,0.000843
475,0.048447608947753906,0.001052,0.0014052391052246094,0.000706
476,0.009979963302612305,0.000128,0.0010383129119873047,0.000128
477,0.007238864898681641,0.000128,0.0005669593811035156,0.000128
478,0.00024056434631347656,3.2e-05,0.00014710426330566406,6.4e-05
479,0.0019981861114501953,6.4e-05,0.0004885196685791016,9.6e-05
480,0.0002613067626953125,3.2e-05,0.00019693374633789062,6.4e-05
481,3.62396240234375e-05,3.2e-05,3.552436828613281e-05,3.2e-05
482,0.009816646575927734,0.000128,0.0010166168212890625,0.000128
483,0.016695499420166016,0.000933,0.0011124610900878906,0.000642
484,0.006692409515380859,6.4e-05,0.0007250308990478516,0.000128
485,0.0073850154876708984,0.000128,0.0004980564117431641,0.000128
486,0.0073299407958984375,0.000128,0.00048804283142089844,0.000128
487,0.0029358863830566406,6.4e-05,0.00046539306640625,9.6e-05
488,0.00545048713684082,6.4e-05,0.0006999969482421875,0.000128
489,0.017443180084228516,0.000988,0.0010526180267333984,9.6e-05
490,0.02946305274963379,0.000128,0.001010894775390625,9.6e-05
491,2.86102294921875e-06,0.0,0.0421442985534668,0.005536
492,1.0967254638671875e-05,0.0,0.044167280197143555,0.000304
493,1.2159347534179688e-05,0.0,0.043245553970336914,0.001444
494,1.1444091796875e-05,0.0,0.04115438461303711,0.000128
495,9.298324584960938e-06,0.0,0.040871381759643555,6.4e-05
496,8.821487426757812e-06,0.0,0.04281497001647949,0.000304
497,1.1682510375976562e-05,0.0,0.049550533294677734,0.000304
498,1.3589859008789062e-05,0.0,0.04659080505371094,0.001225
499,1.1205673217773438e-05,0.0,0.04336071014404297,0.000128
500,8.344650268554688e-06,0.0,0.04271435737609863,0.000128
501,1.0013580322265625e-05,0.0,0.041643619537353516,0.00117
502,1.1682510375976562e-05,0.0,0.04227757453918457,0.000128
503,1.2874603271484375e-05,0.0,0.042756080627441406,0.000128
504,8.821487426757812e-06,0.0,0.04260659217834473,0.001225
505,3.266334533691406e-05,3.2e-05,1.3113021850585938e-05,3.2e-05
506,1.6689300537109375e-06,0.0,0.043096065521240234,0.000128
507,1.0251998901367188e-05,0.0,0.04239702224731445,6.4e-05
508,9.775161743164062e-06,0.0,0.04782915115356445,0.001225
509,1.2874603271484375e-05,0.0,0.04630732536315918,0.000128
510,1.0251998901367188e-05,0.0,0.04314780235290527,0.0
511,1.0728836059570312e-05,0.0,0.043979644775390625,0.001922
512,1.1920928955078125e-05,0.0,0.0460963249206543,0.000128
513,9.775161743164062e-06,0.0,0.04469466209411621,0.000128
514,8.344650268554688e-06,0.0,0.04771018028259277,0.001225
515,1.5020370483398438e-05,0.0,0.05584311485290527,0.000128
516,1.1920928955078125e-05,0.0,0.044727325439453125,0.000128
517,9.5367431640625e-06,0.0,0.04781818389892578,0.001225
518,1.1920928955078125e-05,0.0,0.04865002632141113,0.000128
519,8.58306884765625e-06,0.0,0.045042991638183594,0.000128
520,9.775161743164062e-06,0.0,0.04315543174743652,0.001225
521,1.1920928955078125e-05,0.0,0.04678535461425781,0.000128
522,8.58306884765625e-06,0.0,0.043779850006103516,0.000128
523,9.775161743164062e-06,0.0,0.042530059814453125,0.000304
524,1.1682510375976562e-05,0.0,0.04300665855407715,0.000304
525,1.2159347534179688e-05,0.0,0.04300498962402344,0.0
526,1.1920928955078125e-05,0.0,0.04187655448913574,6.4e-05
527,0.0030417442321777344,6.4e-05,0.0005276203155517578,0.000128
528,0.001604318618774414,6.4e-05,0.00042366981506347656,6.4e-05
529,9.870529174804688e-05,3.2e-05,6.365776062011719e-05,3.2e-05
530,0.005266666412353516,0.000128,0.0006067752838134766,0.000128
531,0.0002079010009765625,3.2e-05,9.036064147949219e-05,6.4e-05
532,0.002959728240966797,6.4e-05,0.0005221366882324219,0.000128
533,0.011422872543334961,0.000128,0.0006449222564697266,0.000128
534,0.0007779598236083984,6.4e-05,0.0002865791320800781,9.6e-05
535,0.0019042491912841797,6.4e-05,0.00039505958557128906,9.6e-05
536,0.0005230903625488281,6.4e-05,0.0005118846893310547,9.6e-05
537,0.0018794536590576172,6.4e-05,0.0007245540618896484,9.6e-05
538,0.00026535987854003906,3.2e-05,0.000202178955078125,6.4e-05
539,0.00029206275939941406,3.2e-05,0.00014972686767578125,6.4e-05
540,2.1457672119140625e-06,0.0,0.04314684867858887,6.4e-05
541,3.0517578125e-05,3.2e-05,1.239776611328125e-05,3.2e-05
542,2.1457672119140625e-06,0.0,0.0419461727142334,0.006485
543,0.08973097801208496,0.001044,0.0020313262939453125,0.001387
544,0.006841897964477539,0.000128,0.0009927749633789062,0.000128
545,0.006455421447753906,0.000128,0.0008966922760009766,0.000128
546,0.0010828971862792969,6.4e-05,0.00041794776916503906,9.6e-05
547,0.036627769470214844,0.000871,0.0010976791381835938,0.000706
548,0.0023496150970458984,6.4e-05,0.0005984306335449219,9.6e-05
549,0.01268315315246582,0.000128,0.001041412353515625,9.6e-05
550,0.002361774444580078,6.4e-05,0.0005905628204345703,9.6e-05
551,0.0006287097930908203,6.4e-05,0.0002574920654296875,9.6e-05
552,0.0010447502136230469,6.4e-05,0.00030994415283203125,9.6e-05
553,0.001585245132446289,6.4e-05,0.0004544258117675781,6.4e-05
554,0.0005512237548828125,6.4e-05,0.0002219676971435547,9.6e-05
555,0.036252737045288086,0.000988,0.0011341571807861328,0.000674
556,0.03656935691833496,0.000128,0.0010533332824707031,0.000128
557,0.0002219676971435547,3.2e-05,9.369850158691406e-05,6.4e-05
558,0.00046133995056152344,6.4e-05,0.00017261505126953125,9.6e-05
559,0.0017702579498291016,6.4e-05,0.00044155120849609375,9.6e-05
560,0.0033740997314453125,0.003866,0.0004992485046386719,0.000128
561,2.6226043701171875e-06,0.0,0.04336404800415039,0.0
562,1.1444091796875e-05,0.0,0.041774749755859375,6.4e-05
563,1.0013580322265625e-05,0.0,0.04214310646057129,0.006739
564,7.867813110351562e-06,0.0,0.04448294639587402,0.001154
565,3.337860107421875e-05,0.0,0.043082475662231445,6.4e-05
566,1.0013580322265625e-05,0.0,0.047231435775756836,6.4e-05
567,1.1682510375976562e-05,0.0,0.051110029220581055,0.00024
568,1.0967254638671875e-05,0.0,0.04852724075317383,0.001161
569,1.4543533325195312e-05,0.0,0.05206418037414551,6.4e-05
570,1.2636184692382812e-05,0.0,0.044733524322509766,6.4e-05
571,8.344650268554688e-06,0.0,0.04369068145751953,0.001872
572,1.3828277587890625e-05,0.0,0.04307723045349121,0.001209
573,1.1444091796875e-05,0.0,0.04651045799255371,6.4e-05
574,1.0967254638671875e-05,0.0,0.04397940635681152,6.4e-05
575,8.58306884765625e-06,0.0,0.04360389709472656,0.00024
576,9.5367431640625e-06,0.0,0.04111146926879883,0.001161
577,1.1205673217773438e-05,0.0,2.0503997802734375e-05,3.2e-05
578,9.5367431640625e-07,0.0,0.04141116142272949,6.4e-05
579,9.298324584960938e-06,0.0,0.046263694763183594,6.4e-05
580,9.059906005859375e-06,0.0,0.04637575149536133,0.001161
581,1.0251998901367188e-05,0.0,0.04385256767272949,6.4e-05
582,9.298324584960938e-06,0.0,0.04011821746826172,6.4e-05
583,9.059906005859375e-06,0.0,0.041106224060058594,0.00084
584,4.410743713378906e-05,0.0,0.0589296817779541,0.001161
585,1.430511474609375e-05,0.0,0.04452943801879883,6.4e-05
586,9.775161743164062e-06,0.0,0.04012727737426758,6.4e-05
587,1.1682510375976562e-05,0.0,0.041229963302612305,0.001161
588,1.1444091796875e-05,0.0,0.04062080383300781,6.4e-05
589,1.430511474609375e-05,0.0,0.04751992225646973,6.4e-05
590,8.821487426757812e-06,0.0,0.04487419128417969,0.001922
591,1.1682510375976562e-05,0.0,0.04249072074890137,6.4e-05
592,1.1682510375976562e-05,0.0,0.03995108604431152,6.4e-05
593,1.7881393432617188e-05,0.0,0.04043388366699219,0.005679
594,9.5367431640625e-06,0.0,0.04975104331970215,0.0
595,1.049041748046875e-05,0.0,0.04383540153503418,6.4e-05
596,9.5367431640625e-06,0.0,0.040863037109375,0.005679
597,0.1662304401397705,0.001108,0.0019829273223876953,0.001282
598,0.11637473106384277,0.001052,0.0021309852600097656,0.001282
599,0.036775827407836914,0.000128,0.002192258834838867,0.000704
600,0.24468398094177246,0.001131,0.0020017623901367188,0.001282
601,0.03693747520446777,0.000128,0.0021071434020996094,0.000512
602,0.18566632270812988,0.001069,0.001978635787963867,0.001282
603,0.23958420753479004,0.001186,0.0019428730010986328,0.001282
604,0.0530552864074707,0.000875,0.001955747604370117,0.001314
605,0.0816652774810791,0.000875,0.0019524097442626953,0.001282
606,0.015564680099487305,0.000128,0.0012264251708984375,0.00016
607,0.11525917053222656,0.000997,0.001996278762817383,0.00141
608,0.010558843612670898,0.000128,0.0012214183807373047,9.6e-05
609,0.11506819725036621,0.001052,0.0022230148315429688,0.001794
610,3.0994415283203125e-06,0.0,0.04242348670959473,0.000128
611,0.03532600402832031,0.002966,0.0019659996032714844,0.001467
612,3.0994415283203125e-06,0.0,0.042871952056884766,6.4e-05
613,3.170967102050781e-05,3.2e-05,1.1920928955078125e-05,3.2e-05
614,0.0012555122375488281,6.4e-05,0.0003426074981689453,9.6e-05
615,0.003141164779663086,6.4e-05,0.0006492137908935547,0.000128
616,0.00705718994140625,0.000128,0.001016855239868164,9.6e-05
617,2.08668851852417,0.001158,0.0024416446685791016,0.002187
618,0.3481767177581787,0.001069,0.002416849136352539,0.001899
619,0.9654779434204102,0.001186,0.0024361610412597656,0.002027
620,0.3366672992706299,0.001076,0.002496480941772461,0.00189
621,0.17215704917907715,0.000997,0.0023713111877441406,0.001995
622,0.004931926727294922,0.000128,0.0011172294616699219,0.000128
623,0.11894655227661133,0.001052,0.002022266387939453,0.001282
624,0.023561716079711914,0.000128,0.0015234947204589844,0.000128
625,2.12475323677063,0.001195,0.002490520477294922,0.002242
626,2.041069507598877,0.001195,0.004911184310913086,0.002242
627,0.06856346130371094,0.000933,0.001967906951904297,0.001378
628,0.07888627052307129,0.000816,0.0020198822021484375,0.001346
629,0.16597962379455566,0.000994,0.002015352249145508,0.00141
630,0.24477529525756836,0.001069,0.002007722854614258,0.00141
631,3.337860107421875e-06,0.0,0.04473161697387695,6.4e-05
632,0.053225040435791016,0.002485,0.0014834403991699219,0.000818
633,0.03577589988708496,0.000128,0.0014357566833496094,0.000128
634,0.008864402770996094,0.000933,0.001293182373046875,0.000674
635,0.08181500434875488,0.000933,0.0014891624450683594,0.000674
636,0.008867979049682617,0.000128,0.0012772083282470703,0.000128
637,0.054541826248168945,0.0011,0.0015246868133544922,0.000674
638,0.07992839813232422,0.000871,0.001459360122680664,0.000674
639,0.018831253051757812,0.000128,0.0014317035675048828,9.6e-05
640,0.022958040237426758,0.000128,0.001485586166381836,0.001012
641,0.0030946731567382812,0.00061,0.0004868507385253906,9.6e-05
642,0.03545665740966797,0.000128,0.0014433860778808594,0.000128
643,0.0017070770263671875,6.4e-05,0.00043964385986328125,9.6e-05
644,0.03651738166809082,0.00065,0.0016453266143798828,0.000416
645,3.337860107421875e-06,0.0,0.04617500305175781,0.003237
646,0.009549140930175781,0.000128,0.0009870529174804688,0.000128
647,2.1457672119140625e-06,0.0,0.043996572494506836,6.4e-05
648,0.0011968612670898438,6.4e-05,0.0003871917724609375,9.6e-05
649,9.298324584960938e-06,3.2e-05,6.67572021484375e-06,3.2e-05
650,0.0001304149627685547,3.2e-05,0.0001227855682373047,3.2e-05
651,0.0008766651153564453,6.4e-05,0.000263214111328125,9.6e-05
652,0.7653114795684814,0.001211,0.0020799636840820312,0.001387
653,0.1203920841217041,0.001038,0.0021233558654785156,0.001378
654,0.3740699291229248,0.001073,0.0020987987518310547,0.00141
655,0.12023639678955078,0.000933,0.0021181106567382812,0.001442
656,0.07132744789123535,0.000988,0.0019142627716064453,0.00125
657,0.00043082237243652344,3.2e-05,0.00020384788513183594,6.4e-05
658,0.03556108474731445,0.000128,0.0014488697052001953,0.000128
659,0.005246400833129883,0.000814,0.0008471012115478516,0.000128
660,0.7660236358642578,0.001107,0.002108335494995117,0.001387
661,0.7642369270324707,0.001131,0.002114534378051758,0.001387
662,0.01435089111328125,0.000128,0.0013709068298339844,9.6e-05
663,0.022797822952270508,0.000128,0.001444101333618164,9.6e-05
664,0.05524086952209473,0.00065,0.002145051956176758,0.000769
665,0.09932231903076172,0.000988,0.001493215560913086,0.000674
666,3.337860107421875e-06,0.0,0.04266786575317383,6.4e-05
667,0.03107142448425293,0.002677,0.0012826919555664062,0.000818
668,0.020390033721923828,0.000128,0.0012319087982177734,0.00016
669,0.00432896614074707,0.000128,0.0008027553558349609,0.000128
670,0.05127596855163574,0.000933,0.0012598037719726562,0.000674
671,0.004386425018310547,0.000128,0.0009539127349853516,0.000128
672,0.032033443450927734,0.000128,0.001234292984008789,0.000128
673,0.05122089385986328,0.00065,0.0012259483337402344,0.000128
674,0.007202863693237305,0.000988,0.0011875629425048828,0.000674
675,0.012015819549560547,0.000128,0.0012173652648925781,9.6e-05
676,0.0016140937805175781,6.4e-05,0.00041866302490234375,9.6e-05
677,0.019362926483154297,0.000128,0.0012326240539550781,0.00016
678,0.0009305477142333984,6.4e-05,0.00030231475830078125,9.6e-05
679,0.019590139389038086,0.00093,0.0013620853424072266,0.00077
680,3.5762786865234375e-06,0.0,0.0447237491607666,6.4e-05
681,0.0044133663177490234,0.000128,0.0009019374847412109,0.000128
682,2.1457672119140625e-06,0.0,0.04524421691894531,0.006759
683,0.003003835678100586,0.001207,0.0009794235229492188,0.000128
684,0.0001385211944580078,3.2e-05,0.00012302398681640625,3.2e-05
685,6.67572021484375e-06,3.2e-05,1.1682510375976562e-05,3.2e-05
686,0.00025725364685058594,3.2e-05,0.0001518726348876953,6.4e-05
687,0.5637388229370117,0.001069,0.0019953250885009766,0.001058
688,0.07898998260498047,0.000878,0.0020012855529785156,0.001186
689,0.2701222896575928,0.001131,0.001978158950805664,0.00109
690,0.078948974609375,0.000933,0.0018956661224365234,0.001122
691,0.03188800811767578,0.000128,0.0014929771423339844,0.000128
692,0.000492095947265625,6.4e-05,0.00022745132446289062,9.6e-05
693,0.01970505714416504,0.000988,0.0012576580047607422,0.000706
694,0.0026438236236572266,6.4e-05,0.0004811286926269531,0.000128
695,0.5661053657531738,0.001186,0.0019555091857910156,0.001058
696,0.565697431564331,0.001131,0.0019161701202392578,0.001058
697,0.007151126861572266,0.000128,0.000896453857421875,0.000128
698,0.011744976043701172,0.000128,0.0011916160583496094,9.6e-05
699,0.031494855880737305,0.000933,0.0012493133544921875,0.000674
700,0.05051064491271973,0.000933,0.0012760162353515625,0.000619
701,4.0531158447265625e-06,0.0,0.045888423919677734,6.4e-05
702,0.015437602996826172,0.000128,0.0010509490966796875,9.6e-05
703,0.009616374969482422,0.004689,0.0009853839874267578,0.000128
704,0.0016613006591796875,6.4e-05,0.00047016143798828125,9.6e-05
705,0.027741193771362305,0.000128,0.0010223388671875,9.6e-05
706,0.0016944408416748047,6.4e-05,0.0005266666412353516,9.6e-05
707,0.016783952713012695,0.000926,0.001070261001586914,0.00077
708,0.0257720947265625,0.000128,0.0010766983032226562,9.6e-05
709,0.0031189918518066406,6.4e-05,0.000659942626953125,0.000128
710,0.005559444427490234,6.4e-05,0.0007786750793457031,0.000128
711,0.0004189014434814453,3.2e-05,0.00016951560974121094,6.4e-05
712,0.009226083755493164,0.000988,0.0009474754333496094,0.000128
713,0.00016498565673828125,0.000602,0.00015592575073242188,3.2e-05
714,0.009432554244995117,0.000128,0.0011336803436279297,0.000128
715,2.86102294921875e-06,0.0,0.045784711837768555,0.000128
716,0.0016908645629882812,6.4e-05,0.00039577484130859375,9.6e-05
717,1.9073486328125e-06,0.0,0.04552578926086426,0.007967
718,0.013450384140014648,0.000128,0.0010237693786621094,0.000128
719,0.0006594657897949219,6.4e-05,0.00023818016052246094,9.6e-05
720,0.0003428459167480469,3.2e-05,0.00011873245239257812,6.4e-05
721,5.9604644775390625e-06,3.2e-05,6.198883056640625e-06,3.2e-05
722,0.360321044921875,0.001131,0.001863718032836914,0.001026
723,0.04372835159301758,0.002855,0.0016837120056152344,0.000706
724,0.19793486595153809,0.000871,0.001733541488647461,0.000866
725,0.04357647895812988,0.002855,0.0015041828155517578,0.000288
726,0.016870737075805664,0.000128,0.0011463165283203125,9.6e-05
727,4.38690185546875e-05,3.2e-05,3.838539123535156e-05,3.2e-05
728,0.009592294692993164,0.000128,0.0009942054748535156,0.000128
729,0.0008654594421386719,6.4e-05,0.0002646446228027344,9.6e-05
730,0.4082067012786865,0.001076,0.0018918514251708984,0.001026
731,0.36082029342651367,0.001085,0.0018534660339355469,0.001026
732,0.003000497817993164,6.4e-05,0.0005273818969726562,9.6e-05
733,0.0052869319915771484,6.4e-05,0.0007069110870361328,0.000128
734,0.01601862907409668,0.000128,0.0008945465087890625,9.6e-05
735,0.026720762252807617,0.000988,0.0010509490966796875,0.000642
736,4.291534423828125e-06,0.0,0.04163193702697754,6.4e-05
737,1.0004687309265137,0.001267,0.0015761852264404297,0.00077
738,0.6350793838500977,0.001014,0.0016410350799560547,0.000706
739,0.09637999534606934,0.000933,0.0014486312866210938,0.000683
740,1.4636173248291016,0.001186,0.0015583038330078125,0.000738
741,0.15759491920471191,0.000933,0.0014603137969970703,0.000674
742,0.9767153263092041,0.001186,0.0015795230865478516,0.000706
743,1.4894468784332275,0.001131,0.0015625953674316406,0.000738
744,0.26203465461730957,0.001067,0.0016093254089355469,0.000738
745,0.4070882797241211,0.001076,0.0016219615936279297,0.000706
746,0.2765820026397705,0.001067,0.0016508102416992188,0.000802
747,0.40636754035949707,0.001131,0.0015645027160644531,0.000706
748,0.15703773498535156,0.000933,0.0016336441040039062,0.000738
749,0.008530378341674805,0.000128,0.0005629062652587891,0.000128
750,3.337860107421875e-06,0.0,0.04863262176513672,6.4e-05
751,0.04445385932922363,0.00282,0.0011785030364990234,0.001042
752,5.0067901611328125e-06,0.0,0.04361391067504883,6.4e-05
753,9.015869617462158,0.00122,0.002796173095703125,0.002242
754,1.473870038986206,0.001131,0.0020287036895751953,0.001346
755,1.4625000953674316,0.001076,0.0019278526306152344,0.001186
756,0.40544962882995605,0.001131,0.001867532730102539,0.000907
757,1.239776611328125e-05,3.2e-05,7.62939453125e-06,3.2e-05
758,0.0014111995697021484,6.4e-05,0.0003833770751953125,9.6e-05
759,0.000621795654296875,6.4e-05,0.0002300739288330078,9.6e-05
760,0.0024726390838623047,6.4e-05,0.0004239082336425781,6.4e-05
761,0.004517316818237305,6.4e-05,0.0005617141723632812,0.000128
762,0.4056732654571533,0.001021,0.0018393993377685547,0.000898
763,0.6467816829681396,0.001131,0.0016276836395263672,0.000706
764,0.2566094398498535,0.00106,0.0016396045684814453,0.000738
765,0.002529144287109375,6.4e-05,0.00031065940856933594,9.6e-05
766,0.002527475357055664,6.4e-05,0.0003006458282470703,9.6e-05
767,0.1618514060974121,0.000997,0.0015206336975097656,0.000674
768,0.25530099868774414,0.001067,0.0015530586242675781,0.000738
769,0.7037985324859619,0.001076,0.0015587806701660156,0.000706
770,0.999624490737915,0.001069,0.0015594959259033203,0.000706
771,4.291534423828125e-06,0.0,0.045415401458740234,6.4e-05
772,0.11959123611450195,0.001202,0.0014119148254394531,0.000683
773,0.07953929901123047,0.000875,0.0014069080352783203,0.000738
774,0.010141134262084961,0.000128,0.0008866786956787109,0.000128
775,0.17188286781311035,0.001067,0.0014100074768066406,0.000674
776,0.01847672462463379,0.000128,0.0010688304901123047,0.000128
777,0.12014102935791016,0.001067,0.0014221668243408203,0.000674
778,0.17014265060424805,0.000988,0.0014171600341796875,0.000674
779,0.031215906143188477,0.000128,0.0013644695281982422,9.6e-05
780,0.05173182487487793,0.000714,0.0014133453369140625,0.00016
781,0.032742977142333984,0.00065,0.0013794898986816406,9.6e-05
782,0.05092883110046387,0.000988,0.0013911724090576172,0.000706
783,0.01837754249572754,0.000128,0.001186370849609375,0.000128
784,0.0003337860107421875,3.2e-05,0.00012350082397460938,6.4e-05
785,1.9073486328125e-06,0.0,0.04334592819213867,6.4e-05
786,0.0030612945556640625,6.4e-05,0.0005614757537841797,9.6e-05
787,1.9073486328125e-06,0.0,0.0448765754699707,0.00024
788,0.9785165786743164,0.001163,0.002430438995361328,0.001954
789,0.17308449745178223,0.000988,0.0021071434020996094,0.00125
790,0.17176508903503418,0.000877,0.002004861831665039,0.001186
791,0.051217079162597656,0.000988,0.0018889904022216797,0.000898
792,0.0021588802337646484,6.4e-05,0.00042819976806640625,9.6e-05
793,7.62939453125e-06,3.2e-05,7.3909759521484375e-06,3.2e-05
794,0.00024390220642089844,3.2e-05,0.00015878677368164062,6.4e-05
795,0.00035858154296875,3.2e-05,0.00014591217041015625,6.4e-05
796,0.0001342296600341797,3.2e-05,0.00011920928955078125,3.2e-05
797,0.05108928680419922,0.000871,0.0017366409301757812,0.00077
798,0.07907295227050781,0.000871,0.0014193058013916016,0.000674
799,0.031159639358520508,0.000128,0.0013926029205322266,9.6e-05
800,0.0022411346435546875,6.4e-05,0.00030684471130371094,9.6e-05
801,0.0021910667419433594,6.4e-05,0.0003027915954589844,9.6e-05
802,0.018126726150512695,0.000871,0.0009372234344482422,9.6e-05
803,0.03147602081298828,0.000128,0.0011832714080810547,9.6e-05
804,0.08175015449523926,0.001012,0.0014026165008544922,0.000674
805,0.11885786056518555,0.000988,0.00138092041015625,0.000674
806,4.0531158447265625e-06,0.0,0.04586172103881836,6.4e-05
807,0.401902437210083,0.001209,0.0014965534210205078,0.00077
808,0.2659885883331299,0.001115,0.001491546630859375,0.000651
809,0.04120039939880371,0.003307,0.0012347698211669922,0.001192
810,0.5896449089050293,0.001049,0.0015022754669189453,0.000651
811,0.0674586296081543,0.000933,0.0014350414276123047,0.000706
812,0.42017173767089844,0.001186,0.0014801025390625,0.000706
813,0.5935814380645752,0.001131,0.0014531612396240234,0.000706
814,0.10871100425720215,0.000988,0.0014612674713134766,0.000674
815,0.17152190208435059,0.001052,0.00154876708984375,0.000674
816,0.10877037048339844,0.000933,0.001495361328125,0.000738
817,0.17206573486328125,0.000933,0.0014569759368896484,0.000738
818,0.06752133369445801,0.000933,0.001470327377319336,0.000706
819,0.0030739307403564453,6.4e-05,0.0005369186401367188,9.6e-05
820,2.384185791015625e-06,0.0,0.042086124420166016,6.4e-05
821,0.015091419219970703,0.000128,0.0010755062103271484,0.000128
822,2.6226043701171875e-06,0.0,0.04290151596069336,0.001463
823,3.310596227645874,0.001052,0.0024368762969970703,0.002082
824,0.6038525104522705,0.001186,0.0020520687103271484,0.001346
825,0.5942909717559814,0.001076,0.0021097660064697266,0.001154
826,0.17269563674926758,0.000933,0.0017590522766113281,0.00093
827,0.0005896091461181641,6.4e-05,0.00023126602172851562,9.6e-05
828,0.00034308433532714844,3.2e-05,0.00012135505676269531,6.4e-05
829,6.4373016357421875e-06,3.2e-05,6.4373016357421875e-06,3.2e-05
830,0.0030601024627685547,6.4e-05,0.0006129741668701172,9.6e-05
831,0.0016067028045654297,6.4e-05,0.00036144256591796875,9.6e-05
832,0.1744527816772461,0.001131,0.0017189979553222656,0.000738
833,0.26914000511169434,0.001064,0.001516103744506836,0.000706
834,0.1096045970916748,0.000926,0.0014996528625488281,0.000674
835,0.0014758110046386719,6.4e-05,0.00028443336486816406,9.6e-05
836,0.0014820098876953125,6.4e-05,0.0002856254577636719,9.6e-05
837,0.06791114807128906,0.000988,0.0013098716735839844,0.000706
838,0.10957980155944824,0.000988,0.0015232563018798828,0.000674
839,0.26893162727355957,0.001122,0.0014576911926269531,0.000463
840,0.40282249450683594,0.001107,0.0015180110931396484,0.000706
841,4.5299530029296875e-06,0.0,0.046134233474731445,6.4e-05
842,0.11460137367248535,0.001044,0.0014033317565917969,0.000714
843,0.07251286506652832,0.000933,0.001306772232055664,0.000674
844,0.009921550750732422,0.000128,0.0007941722869873047,0.000128
845,0.1787278652191162,0.001122,0.0013422966003417969,0.000674
846,0.017102956771850586,0.000128,0.001039743423461914,0.000128
847,0.11518311500549316,0.001067,0.0013279914855957031,0.000674
848,0.17678189277648926,0.000933,0.0013611316680908203,0.000674
849,0.02836918830871582,0.000128,0.0010633468627929688,9.6e-05
850,0.04569506645202637,0.000933,0.0013306140899658203,0.000706
851,0.0287325382232666,0.000128,0.0011248588562011719,9.6e-05
852,0.04603147506713867,0.000988,0.0013005733489990234,0.000706
853,0.017146587371826172,0.000128,0.0010509490966796875,0.000128
854,0.00041937828063964844,3.2e-05,0.00017547607421875,6.4e-05
855,1.9073486328125e-06,0.0,0.04233193397521973,0.0
856,0.0029501914978027344,6.4e-05,0.0005643367767333984,9.6e-05
857,1.9073486328125e-06,0.0,0.04363679885864258,0.00024
858,1.2916457653045654,0.001171,0.0024585723876953125,0.002082
859,0.1784989833831787,0.000988,0.0021104812622070312,0.001314
860,0.1778872013092041,0.000988,0.001861572265625,0.001058
861,0.04614686965942383,0.000988,0.0015044212341308594,0.000706
862,0.0038328170776367188,6.4e-05,0.00042939186096191406,9.6e-05
863,0.0003333091735839844,3.2e-05,0.00015020370483398438,6.4e-05
864,0.00420379638671875,6.4e-05,0.0006241798400878906,9.6e-05
865,1.430511474609375e-05,3.2e-05,7.152557373046875e-06,3.2e-05
866,0.0001666545867919922,3.2e-05,0.0001513957977294922,6.4e-05
867,0.0461125373840332,0.000933,0.0015184879302978516,0.000706
868,0.07281136512756348,0.000988,0.0013303756713867188,0.000674
869,0.02845025062561035,0.000128,0.0010142326354980469,9.6e-05
870,0.0038313865661621094,6.4e-05,0.0003857612609863281,6.4e-05
871,0.0038416385650634766,6.4e-05,0.0003788471221923828,6.4e-05
872,0.01698899269104004,0.000988,0.0022192001342773438,0.000674
873,0.06215715408325195,0.000128,0.0010526180267333984,9.6e-05
874,0.0747826099395752,0.001067,0.0012786388397216797,0.000674
875,0.11484289169311523,0.000933,0.0012216567993164062,0.000674
876,3.814697265625e-06,0.0,0.04633021354675293,6.4e-05
877,0.040888071060180664,0.002549,0.0011942386627197266,0.00085
878,0.024854183197021484,0.000128,0.0011091232299804688,9.6e-05
879,0.0024085044860839844,6.4e-05,0.0005462169647216797,9.6e-05
880,0.0668027400970459,0.001186,0.0012171268463134766,0.000674
881,0.0046002864837646484,6.4e-05,0.0006401538848876953,0.000128
882,0.04082536697387695,0.001052,0.0011310577392578125,0.000463
883,0.06647491455078125,0.000988,0.0011990070343017578,0.000738
884,0.008388042449951172,0.000128,0.0009829998016357422,0.000128
885,0.01461338996887207,0.000128,0.0011157989501953125,0.000128
886,0.008460283279418945,0.000128,0.0008580684661865234,0.000128
887,0.01479482650756836,0.000933,0.0009667873382568359,9.6e-05
888,0.005012989044189453,6.4e-05,0.0007441043853759766,0.000128
889,4.172325134277344e-05,3.2e-05,4.315376281738281e-05,3.2e-05
890,1.430511474609375e-06,0.0,0.044676780700683594,6.4e-05
891,0.0005970001220703125,6.4e-05,0.0002446174621582031,9.6e-05
892,2.1457672119140625e-06,0.0,0.04136180877685547,6.4e-05
893,0.5330798625946045,0.00126,0.002368927001953125,0.001922
894,0.06788516044616699,0.000933,0.001941680908203125,0.001282
895,0.0673055648803711,0.001052,0.001499176025390625,0.000619
896,0.014990806579589844,0.000128,0.0011670589447021484,0.000128
897,0.005865335464477539,6.4e-05,0.0005850791931152344,0.000128
898,0.00013208389282226562,3.2e-05,0.00011992454528808594,3.2e-05
899,0.0014820098876953125,6.4e-05,0.0003743171691894531,9.6e-05
900,0.00015664100646972656,3.2e-05,0.0001437664031982422,6.4e-05
901,5.9604644775390625e-06,3.2e-05,5.7220458984375e-06,3.2e-05
902,0.014795064926147461,0.000128,0.0010731220245361328,0.000128
903,0.027514219284057617,0.00065,0.0011212825775146484,9.6e-05
904,0.008506059646606445,0.000128,0.0009489059448242188,0.000128
905,0.005925893783569336,6.4e-05,0.0004718303680419922,0.000128
906,0.005929470062255859,6.4e-05,0.0004677772521972656,0.000128
907,0.005030632019042969,0.001017,0.0005655288696289062,0.000128
908,0.008540153503417969,0.000128,0.0009694099426269531,0.000128
909,0.025249004364013672,0.000128,0.0009214878082275391,9.6e-05
910,0.04231429100036621,0.000128,0.001026153564453125,0.00016
911,3.0994415283203125e-06,0.0,0.050698041915893555,0.001463
912,0.013873577117919922,0.001002,0.001009225845336914,9.6e-05
913,0.008846759796142578,0.000128,0.0009398460388183594,0.000128
914,0.0014712810516357422,6.4e-05,0.0004589557647705078,9.6e-05
915,0.024564504623413086,0.001437,0.0010492801666259766,0.000642
916,0.0015463829040527344,6.4e-05,0.0005335807800292969,9.6e-05
917,0.0187070369720459,0.000128,0.0010156631469726562,9.6e-05
918,0.02239990234375,0.000128,0.000978708267211914,9.6e-05
919,0.0032057762145996094,0.000953,0.0006120204925537109,9.6e-05
920,0.005075931549072266,6.4e-05,0.0008563995361328125,0.000128
921,0.0003361701965332031,3.2e-05,0.00014328956604003906,6.4e-05
922,0.008499860763549805,0.000128,0.0009429454803466797,0.000128
923,0.00012993812561035156,3.2e-05,0.00012230873107910156,3.2e-05
924,0.008561372756958008,0.000128,0.0010464191436767578,0.000128
925,2.384185791015625e-06,0.0,0.04081249237060547,0.008714
926,0.0015265941619873047,0.001184,0.00029015541076660156,9.6e-05
927,2.1457672119140625e-06,0.0,0.04353809356689453,0.00024
928,0.011057138442993164,0.000128,0.001069784164428711,0.000128
929,0.0004582405090332031,3.2e-05,0.00020742416381835938,6.4e-05
930,0.0005724430084228516,6.4e-05,0.0002346038818359375,9.6e-05
931,4.0531158447265625e-05,3.2e-05,3.6716461181640625e-05,3.2e-05
932,0.3073551654815674,0.001131,0.0018663406372070312,0.001026
933,0.03818774223327637,0.000926,0.0032672882080078125,0.00077
934,0.15299582481384277,0.000871,0.0016770362854003906,0.000619
935,0.03826403617858887,0.000128,0.0015065670013427734,0.00016
936,0.015493392944335938,0.00065,0.001486063003540039,9.6e-05
937,1.9550323486328125e-05,3.2e-05,9.5367431640625e-06,3.2e-05
938,0.011330366134643555,0.000128,0.0010416507720947266,0.000128
939,0.0007600784301757812,6.4e-05,0.00025725364685058594,9.6e-05
940,0.31756162643432617,0.001018,0.0018634796142578125,0.001026
941,0.31279706954956055,0.000956,0.0018734931945800781,0.001026
942,0.002737760543823242,6.4e-05,0.0005168914794921875,9.6e-05
943,0.004840850830078125,6.4e-05,0.0005922317504882812,0.000128
944,0.01431417465209961,0.000128,0.0015478134155273438,9.6e-05
945,0.039199113845825195,0.000988,0.0011091232299804688,0.000642
946,6.9141387939453125e-06,0.0,0.047922372817993164,6.4e-05
947,0.00011110305786132812,3.2e-05,4.673004150390625e-05,3.2e-05
948,0.00014472007751464844,3.2e-05,9.751319885253906e-05,3.2e-05
949,0.0010623931884765625,6.4e-05,0.0002605915069580078,9.6e-05
950,0.00013113021850585938,3.2e-05,9.1552734375e-05,3.2e-05
951,0.0004668235778808594,3.2e-05,0.0002117156982421875,6.4e-05
952,4.076957702636719e-05,3.2e-05,3.528594970703125e-05,3.2e-05
953,9.465217590332031e-05,3.2e-05,6.175041198730469e-05,3.2e-05
954,0.0001556873321533203,3.2e-05,0.00015306472778320312,3.2e-05
955,3.8623809814453125e-05,3.2e-05,3.409385681152344e-05,3.2e-05
956,0.003493070602416992,6.4e-05,0.0005860328674316406,9.6e-05
957,0.0003268718719482422,3.2e-05,0.00012183189392089844,6.4e-05
958,0.0034837722778320312,6.4e-05,0.000644683837890625,9.6e-05
959,0.013718605041503906,0.002143,0.001079559326171875,0.00101
960,5.7220458984375e-06,0.0,0.04355168342590332,6.4e-05
961,0.003510713577270508,6.4e-05,0.0004439353942871094,6.4e-05
962,2.1457672119140625e-06,0.0,0.041373252868652344,6.4e-05
963,0.29400634765625,0.001266,0.00197601318359375,0.000911
964,0.03478813171386719,0.000128,0.0014567375183105469,0.00016
965,0.03432583808898926,0.000919,0.0012335777282714844,0.000706
966,0.009212493896484375,0.000128,0.0009632110595703125,0.000128
967,0.4135885238647461,0.001131,0.0015745162963867188,0.000706
968,0.04958391189575195,0.000933,0.0014140605926513672,0.000706
969,0.17609310150146484,0.000988,0.0014979839324951172,0.000651
970,0.04966592788696289,0.000926,0.0020093917846679688,0.000674
971,0.02269721031188965,0.000128,0.0010950565338134766,9.6e-05
972,0.009229421615600586,0.000128,0.0009255409240722656,0.000128
973,8.344650268554688e-06,3.2e-05,6.9141387939453125e-06,3.2e-05
974,0.0020074844360351562,6.4e-05,0.00043582916259765625,9.6e-05
975,0.41228270530700684,0.001014,0.0016031265258789062,0.000706
976,0.42403721809387207,0.001076,0.0017216205596923828,0.000706
977,0.0015077590942382812,6.4e-05,0.0003409385681152344,9.6e-05
978,0.0007691383361816406,6.4e-05,0.00020360946655273438,9.6e-05
979,0.0007486343383789062,6.4e-05,0.0001971721649169922,9.6e-05
980,0.00035262107849121094,3.2e-05,0.00011563301086425781,6.4e-05
981,1.6689300537109375e-06,0.0,0.04694938659667969,6.4e-05
982,0.001352071762084961,6.4e-05,0.0003674030303955078,9.6e-05
983,0.0012040138244628906,6.4e-05,0.00042629241943359375,9.6e-05
984,0.000362396240234375,3.2e-05,0.00016641616821289062,6.4e-05
985,0.004236459732055664,6.4e-05,0.0004971027374267578,0.000128
986,0.00015234947204589844,3.2e-05,0.00016951560974121094,3.2e-05
987,0.002331972122192383,6.4e-05,0.0004973411560058594,9.6e-05
988,0.002421140670776367,6.4e-05,0.00046563148498535156,9.6e-05
989,0.00029158592224121094,3.2e-05,0.00017023086547851562,6.4e-05
990,0.0006101131439208984,6.4e-05,0.0002772808074951172,9.6e-05
991,4.00543212890625e-05,3.2e-05,3.3855438232421875e-05,3.2e-05
992,0.003664255142211914,0.008641,0.000518798828125,9.6e-05
993,0.00023674964904785156,3.2e-05,0.0001494884490966797,3.2e-05
994,0.01097559928894043,6.4e-05,0.0007584095001220703,0.000128
995,3.0994415283203125e-06,0.0,0.04835963249206543,6.4e-05
996,0.0008807182312011719,6.4e-05,0.0002646446228027344,9.6e-05
997,2.1457672119140625e-06,0.0,0.04554319381713867,0.003166
998,0.08131909370422363,0.00118,0.001535177230834961,0.000738
999,0.0037081241607666016,6.4e-05,0.0007839202880859375,0.000128
1000,0.003495454788208008,6.4e-05,0.0004630088806152344,0.000128
1001,0.0004925727844238281,6.4e-05,0.00022482872009277344,9.6e-05
1002,0.26123785972595215,0.000896,0.00164031982421875,0.00077
1003,0.027970314025878906,0.000128,0.0013515949249267578,9.6e-05
1004,0.11194705963134766,0.001067,0.00151824951171875,0.000674
1005,0.027987957000732422,0.000128,0.0010499954223632812,9.6e-05
1006,0.010099172592163086,0.000128,0.0010097026824951172,0.000128
1007,0.0004990100860595703,6.4e-05,0.00023508071899414062,9.6e-05
1008,0.001209259033203125,0.003554,0.0005462169647216797,9.6e-05
1009,1.3828277587890625e-05,3.2e-05,7.152557373046875e-06,3.2e-05
1010,0.26132869720458984,0.001043,0.0016617774963378906,0.000706
1011,0.2677931785583496,0.001012,0.0016613006591796875,0.000706
1012,0.0007617473602294922,6.4e-05,0.00020170211791992188,9.6e-05
1013,0.001379251480102539,6.4e-05,0.0003294944763183594,9.6e-05
1014,0.0043795108795166016,6.4e-05,0.0004978179931640625,0.000128
1015,0.0075778961181640625,0.000128,0.0005056858062744141,0.000128
1016,2.1457672119140625e-06,0.0,0.04432845115661621,6.4e-05
1017,0.3209197521209717,0.001098,0.0016551017761230469,0.00077
1018,0.3122119903564453,0.001076,0.0032057762145996094,0.000706
1019,0.036406755447387695,0.000128,0.0014653205871582031,0.000128
1020,0.48221683502197266,0.001131,0.0015530586242675781,0.000738
1021,0.05631566047668457,0.000988,0.0014231204986572266,0.000674
1022,0.33926963806152344,0.001131,0.0016281604766845703,0.000706
1023,0.515679121017456,0.001131,0.0015599727630615234,0.000738
1024,0.08817768096923828,0.000988,0.0016028881072998047,0.000738
1025,0.1363677978515625,0.001052,0.0016138553619384766,0.000706
1026,0.08804607391357422,0.000988,0.0016341209411621094,0.000802
1027,0.1364743709564209,0.000994,0.0015192031860351562,0.000706
1028,0.05659914016723633,0.000988,0.0016560554504394531,0.000738
1029,0.0029001235961914062,0.000128,0.0005233287811279297,0.000128
1030,1.6689300537109375e-06,0.0,0.044722795486450195,6.4e-05
1031,0.014384746551513672,0.000128,0.0010933876037597656,0.00016
1032,2.86102294921875e-06,0.0,0.04303717613220215,0.001161
1033,3.304543972015381,0.001137,0.0024747848510742188,0.002242
1034,0.490983247756958,0.001131,0.0020568370819091797,0.001346
1035,0.4875369071960449,0.001073,0.002006053924560547,0.001131
1036,0.13674616813659668,0.000997,0.0018463134765625,0.000962
1037,0.0009443759918212891,6.4e-05,0.00031495094299316406,6.4e-05
1038,0.000614166259765625,6.4e-05,0.0002892017364501953,9.6e-05
1039,0.0006625652313232422,6.4e-05,0.0003001689910888672,9.6e-05
1040,0.0010285377502441406,6.4e-05,0.00039958953857421875,6.4e-05
1041,0.0016362667083740234,6.4e-05,0.00043272972106933594,0.000128
1042,0.13574004173278809,0.001052,0.0018329620361328125,0.000898
1043,0.21186375617980957,0.001131,0.0016109943389892578,0.000706
1044,0.08922314643859863,0.000997,0.001619100570678711,0.000738
1045,2.4080276489257812e-05,3.2e-05,1.4543533325195312e-05,3.2e-05
1046,0.00019741058349609375,3.2e-05,0.00011777877807617188,3.2e-05
1047,0.057541608810424805,0.000933,0.0014507770538330078,0.000674
1048,0.0880579948425293,0.000871,0.001556396484375,0.000738
1049,0.21271562576293945,0.001131,0.0015997886657714844,0.000706
1050,0.3895132541656494,0.001014,0.0015573501586914062,0.000706
1051,4.0531158447265625e-06,0.0,0.043914079666137695,6.4e-05
1052,0.32304883003234863,0.001322,0.0016934871673583984,0.00077
1053,0.21185827255249023,0.00125,0.0016903877258300781,0.000706
1054,0.03643512725830078,0.000128,0.001417398452758789,0.000128
1055,0.48425841331481934,0.001131,0.0015735626220703125,0.000738
1056,0.06602764129638672,0.000988,0.0014336109161376953,0.000674
1057,0.3211205005645752,0.001131,0.0016143321990966797,0.000706
1058,0.4885439872741699,0.001076,0.0016260147094726562,0.000738
1059,0.08805274963378906,0.000988,0.0016031265258789062,0.000738
1060,0.1360766887664795,0.000997,0.0015783309936523438,0.000706
1061,0.08822035789489746,0.00093,0.0016312599182128906,0.000802
1062,0.1367354393005371,0.001052,0.0015473365783691406,0.000706
1063,0.05701875686645508,0.000933,0.0016105175018310547,0.000738
1064,0.0029027462005615234,0.000128,0.0005350112915039062,0.000128
1065,2.384185791015625e-06,0.0,0.043607473373413086,6.4e-05
1066,0.014474630355834961,0.000128,0.0010640621185302734,0.00016
1067,3.0994415283203125e-06,0.0,0.04577350616455078,0.001922
1068,3.2889418601989746,0.00125,0.002436399459838867,0.002242
1069,0.480318546295166,0.001131,0.0020432472229003906,0.001291
1070,0.5146207809448242,0.001131,0.0019345283508300781,0.001186
1071,0.1366119384765625,0.001052,0.0018727779388427734,0.000907
1072,0.0009372234344482422,6.4e-05,0.00030422210693359375,6.4e-05
1073,0.0006203651428222656,6.4e-05,0.0002727508544921875,9.6e-05
1074,0.0006501674652099609,6.4e-05,0.00029587745666503906,9.6e-05
1075,0.0010123252868652344,6.4e-05,0.00040411949157714844,6.4e-05
1076,0.0016524791717529297,6.4e-05,0.0004425048828125,0.000128
1077,0.135270357131958,0.001109,0.0018401145935058594,0.000898
1078,0.20926809310913086,0.00125,0.0016074180603027344,0.000706
1079,0.08797764778137207,0.000933,0.0015950202941894531,0.000738
1080,0.00011205673217773438,3.2e-05,6.079673767089844e-05,3.2e-05
1081,5.7220458984375e-06,3.2e-05,6.4373016357421875e-06,3.2e-05
1082,0.05578303337097168,0.000933,0.001413583755493164,0.000674
1083,0.0877079963684082,0.000933,0.0015263557434082031,0.000738
1084,0.21013569831848145,0.001186,0.0015408992767333984,0.000706
1085,0.3261079788208008,0.001131,0.0015799999237060547,0.000706
1086,3.5762786865234375e-06,0.0,0.05214571952819824,6.4e-05
1087,0.0015153884887695312,6.4e-05,0.0005717277526855469,9.6e-05
1088,0.00030684471130371094,3.2e-05,0.00021004676818847656,6.4e-05
1089,3.719329833984375e-05,3.2e-05,3.409385681152344e-05,3.2e-05
1090,0.0011510848999023438,6.4e-05,0.00027632713317871094,9.6e-05
1091,0.00011277198791503906,3.2e-05,6.413459777832031e-05,3.2e-05
1092,0.0006928443908691406,6.4e-05,0.00042057037353515625,9.6e-05
1093,0.0011467933654785156,6.4e-05,0.00030303001403808594,9.6e-05
1094,0.00020432472229003906,3.2e-05,9.131431579589844e-05,6.4e-05
1095,0.0007009506225585938,6.4e-05,0.000301361083984375,9.6e-05
1096,0.0008594989776611328,6.4e-05,0.0002586841583251953,9.6e-05
1097,0.0001266002655029297,3.2e-05,0.00012373924255371094,3.2e-05
1098,0.0005064010620117188,6.4e-05,0.00023126602172851562,9.6e-05
1099,0.0023169517517089844,6.4e-05,0.0008106231689453125,9.6e-05
1100,5.9604644775390625e-06,0.0,0.04944205284118652,0.00024
1101,0.0002799034118652344,3.2e-05,9.989738464355469e-05,6.4e-05
1102,1.9073486328125e-06,0.0,0.04031491279602051,0.00024
1103,0.11578035354614258,0.001428,0.0020492076873779297,0.001378
1104,0.011142253875732422,0.000128,0.0013096332550048828,0.000128
1105,0.01094961166381836,0.000128,0.00087738037109375,9.6e-05
1106,0.001955747604370117,6.4e-05,0.0004868507385253906,9.6e-05
1107,0.10203075408935547,0.001012,0.001505136489868164,0.000674
1108,0.01018834114074707,0.000128,0.0009081363677978516,0.000128
1109,0.04170107841491699,0.000988,0.0014357566833496094,0.000674
1110,0.010205984115600586,0.000128,0.0008366107940673828,9.6e-05
1111,0.003329038619995117,6.4e-05,0.0005776882171630859,0.000128
1112,0.00196075439453125,6.4e-05,0.0004909038543701172,9.6e-05
1113,0.0007593631744384766,6.4e-05,0.0003464221954345703,9.6e-05
1114,0.0004258155822753906,6.4e-05,0.0001957416534423828,9.6e-05
1115,0.10078239440917969,0.000988,0.001531839370727539,0.000674
1116,0.10106253623962402,0.000933,0.0015485286712646484,0.000674
1117,1.5497207641601562e-05,3.2e-05,9.298324584960938e-06,3.2e-05
1118,4.553794860839844e-05,3.2e-05,3.719329833984375e-05,3.2e-05
1119,0.00029277801513671875,3.2e-05,0.00011897087097167969,6.4e-05
1120,0.0006244182586669922,6.4e-05,0.00025773048400878906,9.6e-05
1121,1.6689300537109375e-06,0.0,0.04588723182678223,6.4e-05
1122,0.0008409023284912109,6.4e-05,0.00025725364685058594,9.6e-05
1123,9.846687316894531e-05,3.2e-05,6.413459777832031e-05,3.2e-05
1124,0.00011968612670898438,3.2e-05,0.00011730194091796875,3.2e-05
1125,0.00039696693420410156,6.4e-05,0.0001709461212158203,9.6e-05
1126,0.00027871131896972656,3.2e-05,0.0001270771026611328,6.4e-05
1127,0.00019788742065429688,3.2e-05,9.179115295410156e-05,6.4e-05
1128,0.0003886222839355469,6.4e-05,0.00016760826110839844,9.6e-05
1129,0.0004296302795410156,6.4e-05,0.00017452239990234375,9.6e-05
1130,0.000217437744140625,3.2e-05,8.869171142578125e-05,6.4e-05
1131,0.0019791126251220703,6.4e-05,0.0004849433898925781,9.6e-05
1132,3.552436828613281e-05,3.2e-05,3.337860107421875e-05,3.2e-05
1133,0.001165151596069336,6.4e-05,0.0004107952117919922,9.6e-05
1134,0.003828287124633789,6.4e-05,0.0007588863372802734,0.000128
1135,1.6689300537109375e-06,0.0,0.044207096099853516,0.001463
1136,0.0006544589996337891,6.4e-05,0.00020623207092285156,9.6e-05
1137,2.1457672119140625e-06,0.0,0.043853759765625,0.00024
1138,0.1681499481201172,0.001366,0.0020685195922851562,0.001346
1139,0.033843278884887695,0.000128,0.0014684200286865234,9.6e-05
1140,0.018598556518554688,0.000988,0.0016367435455322266,0.000587
1141,0.008568286895751953,6.4e-05,0.0007615089416503906,0.000128
1142,0.15378069877624512,0.000942,0.0015189647674560547,0.000706
1143,0.017603397369384766,0.000128,0.001161813735961914,9.6e-05
1144,0.06577110290527344,0.000933,0.0014922618865966797,0.000619
1145,0.017656803131103516,0.000128,0.0010912418365478516,9.6e-05
1146,0.006591081619262695,0.000128,0.0008955001831054688,0.000128
1147,0.004033803939819336,6.4e-05,0.0006296634674072266,0.000128
1148,0.00039196014404296875,6.4e-05,0.00016927719116210938,9.6e-05
1149,0.0010802745819091797,6.4e-05,0.0003495216369628906,9.6e-05
1150,0.15686988830566406,0.001067,0.0015215873718261719,0.000706
1151,0.15358185768127441,0.000933,0.0015871524810791016,0.000706
1152,5.14984130859375e-05,3.2e-05,3.838539123535156e-05,3.2e-05
1153,5.0067901611328125e-06,3.2e-05,5.245208740234375e-06,3.2e-05
1154,9.441375732421875e-05,3.2e-05,6.175041198730469e-05,3.2e-05
1155,0.0002391338348388672,3.2e-05,0.00014257431030273438,6.4e-05
1156,1.6689300537109375e-06,0.0,0.04582405090332031,6.4e-05
1157,0.0008044242858886719,6.4e-05,0.00026106834411621094,9.6e-05
1158,0.00012874603271484375,3.2e-05,6.461143493652344e-05,3.2e-05
1159,0.00048089027404785156,6.4e-05,0.00024700164794921875,9.6e-05
1160,0.00012302398681640625,3.2e-05,0.00011658668518066406,3.2e-05
1161,0.0007936954498291016,6.4e-05,0.0002522468566894531,9.6e-05
1162,0.00020265579223632812,3.2e-05,9.1552734375e-05,6.4e-05
1163,0.000392913818359375,6.4e-05,0.00017189979553222656,9.6e-05
1164,0.0004220008850097656,6.4e-05,0.0001709461212158203,9.6e-05
1165,0.00019693374633789062,3.2e-05,8.678436279296875e-05,6.4e-05
1166,0.0046346187591552734,0.000128,0.0005970001220703125,0.000128
1167,3.838539123535156e-05,3.2e-05,3.3855438232421875e-05,3.2e-05
1168,0.0032699108123779297,6.4e-05,0.0007445812225341797,0.000128
1169,0.008809804916381836,0.002205,0.0008988380432128906,0.000128
1170,3.337860107421875e-06,0.0,0.04678630828857422,0.0
1171,0.001833200454711914,6.4e-05,0.00044846534729003906,9.6e-05
1172,2.1457672119140625e-06,0.0,0.04636549949645996,6.4e-05
1173,0.3023204803466797,0.001094,0.0022687911987304688,0.001291
1174,0.03550863265991211,0.000128,0.0024666786193847656,0.001044
1175,0.04447126388549805,0.000128,0.0012192726135253906,0.00016
1176,0.009019613265991211,0.003018,0.0009679794311523438,0.000128
1177,0.298753023147583,0.001107,0.001558542251586914,0.000706
1178,0.03392481803894043,0.000128,0.0012974739074707031,0.00016
1179,0.16381144523620605,0.001012,0.0015418529510498047,0.000651
1180,0.03378462791442871,0.000128,0.0011758804321289062,0.000128
1181,0.014037370681762695,0.000988,0.0010309219360351562,9.6e-05
1182,0.009569883346557617,0.000128,0.0009417533874511719,0.000128
1183,0.0004074573516845703,6.4e-05,0.00018644332885742188,9.6e-05
1184,0.003992557525634766,6.4e-05,0.0010466575622558594,0.000128
1185,0.28459596633911133,0.001195,0.001567840576171875,0.000706
1186,0.3960459232330322,0.001131,0.001554250717163086,0.000706
1187,0.00025534629821777344,3.2e-05,0.00015091896057128906,6.4e-05
1188,9.632110595703125e-05,3.2e-05,6.127357482910156e-05,3.2e-05
1189,5.7220458984375e-06,3.2e-05,5.9604644775390625e-06,3.2e-05
1190,3.552436828613281e-05,3.2e-05,3.814697265625e-05,3.2e-05
1191,1.430511474609375e-06,0.0,0.04456353187561035,6.4e-05
1192,0.0004744529724121094,6.4e-05,0.0001780986785888672,9.6e-05
1193,0.0002071857452392578,3.2e-05,8.96453857421875e-05,6.4e-05
1194,0.0010302066802978516,6.4e-05,0.0003650188446044922,9.6e-05
1195,4.267692565917969e-05,3.2e-05,3.552436828613281e-05,3.2e-05
1196,0.0012023448944091797,6.4e-05,0.00035834312438964844,6.4e-05
1197,9.226799011230469e-05,3.2e-05,6.341934204101562e-05,3.2e-05
1198,0.00019979476928710938,3.2e-05,0.00013828277587890625,6.4e-05
1199,0.0006725788116455078,6.4e-05,0.00029087066650390625,9.6e-05
1200,0.0003814697265625,6.4e-05,0.00016641616821289062,9.6e-05
1201,0.006185054779052734,0.000128,0.0006451606750488281,0.000128
1202,0.00013494491577148438,3.2e-05,0.00012040138244628906,3.2e-05
1203,0.0058667659759521484,0.000128,0.0007226467132568359,0.000128
1204,0.016633272171020508,0.001314,0.0010104179382324219,9.6e-05
1205,3.814697265625e-06,0.0,0.04767107963562012,0.0
1206,0.0035736560821533203,6.4e-05,0.000484466552734375,0.000128
1207,2.1457672119140625e-06,0.0,0.04285717010498047,0.00024
1208,0.5457375049591064,0.001107,0.0020873546600341797,0.00141
1209,0.057843923568725586,0.000988,0.0015861988067626953,0.000674
1210,0.05884265899658203,0.000933,0.0013866424560546875,0.000674
1211,0.020823955535888672,0.000128,0.0013356208801269531,9.6e-05
1212,0.4808368682861328,0.001186,0.0015578269958496094,0.000706
1213,0.05718207359313965,0.000988,0.0013988018035888672,0.000674
1214,0.20331883430480957,0.001052,0.0015594959259033203,0.000706
1215,0.05747365951538086,0.000988,0.0012493133544921875,0.000674
1216,0.023777008056640625,0.000128,0.0010221004486083984,0.00016
1217,0.015362262725830078,0.000128,0.0009942054748535156,9.6e-05
1218,0.00021386146545410156,3.2e-05,0.00014328956604003906,6.4e-05
1219,0.004901409149169922,0.000705,0.0005819797515869141,0.000128
1220,0.47501158714294434,0.000956,0.0015645027160644531,0.000706
1221,0.47515010833740234,0.001073,0.0015404224395751953,0.000706
1222,0.0005750656127929688,6.4e-05,0.0002281665802001953,9.6e-05
1223,0.000263214111328125,3.2e-05,0.00011324882507324219,6.4e-05
1224,3.600120544433594e-05,3.2e-05,3.695487976074219e-05,3.2e-05
1225,5.0067901611328125e-06,3.2e-05,5.4836273193359375e-06,3.2e-05
